feature,selection_frequency,selected
customer_state,1.0,True
any_seller_same_city,1.0,True
mean_seller_zip_lng,1.0,True
estimated_max_distance_km,1.0,True
geolocation_missing,1.0,True
longest_side_cm,1.0,True
payment_type,1.0,True
payment_missing,1.0,True
promised_delivery_days,1.0,True
promised_days_per_km,1.0,True
purchase_month_cos,1.0,True
purchase_weekday,1.0,True
days_to_holiday,1.0,True
platform_orders_7d,1.0,True
platform_load_ratio,1.0,True
seller_past_late_rate,1.0,True
seller_past_delivery_days,1.0,True
mean_seller_zip_lat,1.0,True
max_item_weight_g,1.0,True
any_seller_same_state,1.0,True
seller_state_count,1.0,True
primary_seller_region,1.0,True
primary_seller_state,1.0,True
product_category,1.0,True
customer_is_capital,1.0,True
seller_count,1.0,True
route_past_late_rate,0.8,True
customer_zip_density,0.8,True
peak_season_flag,0.8,True
unique_product_count,0.8,True
seller_past_avg_freight,0.8,True
density_g_cm3,0.8,True
product_category_count,0.8,True
seller_is_new,0.6,False
seller_backlog_7d,0.6,False
purchase_month_sin,0.6,False
order_value,0.6,False
customer_zip_lat,0.6,False
customer_zip_lng,0.6,False
item_count,0.4,False
customer_region,0.4,False
freight_value,0.4,False
seller_past_orders,0.2,False
remote_flag,0.2,False
used_voucher,0.2,False
purchase_hour,0.2,False
payment_per_installment,0.2,False
payment_installments,0.2,False
total_volume_cm3,0.0,False
total_weight_g,0.0,False
region_pair,0.0,False
payment_type_count,0.0,False
