feature,XGBoost (tuned),Lasso,Rank XGBoost (tuned),Rank Lasso
promised_delivery_days,1.612521898090531,2.4932507721315655,1,1
route_past_late_rate,0.18843806240869948,,2,
seller_past_delivery_days,0.0956777456397658,0.11331100291161729,3,2
seller_past_deliveries,0.09087312221236363,,4,
seller_past_orders,0.08061483184396438,0.008705495861164713,5,11
customer_zip_lng,0.059764099716220896,,6,
mean_seller_zip_lng,0.05827304867378631,,7,
seller_past_late_rate,0.058112607597643605,0.04794993108883494,8,3
customer_zip_lat,0.05665330965300042,,9,
seller_backlog_7d,0.049633885046430404,0.015779067255818457,10,7
mean_seller_zip_lat,0.04656153656096107,,11,
promised_days_per_km,0.038121354557479045,,12,
payment_type,0.036647219118056816,0.026818471943084444,13,5
purchase_weekday,0.036318298573877784,0.0201966242460637,14,6
primary_seller_state,0.02228905082378283,,15,
seller_count,0.01495243062322409,,16,
purchase_hour,0.014592549188941728,0.0025834864177504357,17,15
product_category,0.014582184658622665,0.0008438746309784584,18,16
max_sum_of_dims_cm,0.0092631117466345,,19,
density_g_cm3,0.007459936895538988,,20,
customer_zip_density,0.006008229914028718,-9.446227331419977e-05,21,24
max_item_weight_g,0.005764290335662991,,22,
region_pair,0.004953607314741681,0.010901229659472645,23,10
freight_value,0.004413498876711231,-0.0452639742258774,24,31
billable_weight_kg,0.003442290457361796,,25,
order_value,0.0031588899948389757,8.188016132395503e-05,26,19
longest_side_cm,0.0020975338430618607,-0.0020074579399170568,27,27
payment_value,0.0016546704193227235,,28,
product_category_count,0.00039868482428238037,,29,
unique_product_count,-0.0005409691788287319,,30,
customer_is_capital,-0.001830841388967741,0.0026393646383378487,31,14
payment_installments,-0.003386857668881582,-0.003236687635900104,32,29
customer_region,-0.02628127985751085,,33,
same_state,-0.028927003753529145,-0.09304344004843416,34,33
estimated_min_distance_km,-0.03698675613587854,,35,
customer_state,-0.037839069704322714,-0.0672171454899309,36,32
any_seller_same_state,-0.0684085745680866,,37,
purchase_month_sin,,0.0,,20
purchase_month_cos,,0.0,,20
peak_season_flag,,0.0,,20
platform_load_ratio,,-0.00602217761126198,,30
remote_flag,,-0.0005856336826662201,,25
same_city,,0.013143201475648514,,9
multi_seller_flag,,0.03175398130537417,,4
geolocation_missing,,0.0002953673599318307,,18
payment_missing,,0.0,,20
seller_is_new,,0.0007893034449766745,,17
estimated_mean_distance_km,,0.014644988586774321,,8
item_count,,0.002741537720947118,,13
total_weight_g,,-0.0013859401092796374,,26
seller_past_avg_freight,,0.005195372893582917,,12
days_to_holiday,,-0.003052444887496719,,28
