model,fold,mae,rmse,r2,bias
Promise Baseline,1,4.20293525190498,6.817604102805158,0.14199507574988934,-1.887481876384521
Promise Baseline,2,6.314980049875073,10.432296939709653,-0.0329000483415538,-4.383469063079817
Promise Baseline,3,6.136348380207913,10.237848305361139,0.07668246835992532,-3.171692669858176
Promise Baseline,4,6.919668079612026,11.062527923102673,0.007131664291071704,-4.131946036820629
Promise Baseline,5,5.198922705343689,7.284096876576994,0.05222959500650215,1.333981515818775
Linear Regression,1,4.311679355986322,7.053977219850556,0.08146791830614586,-3.245387141854082
Linear Regression,2,5.876741705587661,9.962736348530258,0.05798961122869861,-4.042189207668153
Linear Regression,3,5.622054382426137,9.440652775245374,0.21487690862536124,-2.0064186593106497
Linear Regression,4,6.000568758630156,9.80311720913096,0.22032916107611988,-2.947322764266551
Linear Regression,5,4.2393002531061095,6.355537190722993,0.27846692175099486,0.41723356543838663
Decision Tree,1,6.837576884053738,13.967888845928321,-2.601536036220795,1.141729229536962
Decision Tree,2,7.586861882857482,12.75036329008909,-0.5429204516751651,-2.487529499037395
Decision Tree,3,8.504246119388819,14.031085421591603,-0.7342681109708429,0.003546761787756253
Decision Tree,4,8.79327683494527,15.004848052536907,-0.8266111503737517,-0.1293878964157832
Decision Tree,5,6.855660076957757,11.150147456893473,-1.2208178457681167,2.4803109367295737
Random Forest,1,3.889870602585958,6.303197266025842,0.2665879821557824,-0.9432821469054001
Random Forest,2,5.772511188050055,9.795122264367068,0.08941993098021062,-3.9497302877713993
Random Forest,3,5.668923770990891,9.46979595015374,0.21002209683037154,-2.152244683433186
Random Forest,4,6.087960920564181,9.557621453713887,0.25889020752851,-2.0294792671163395
Random Forest,5,4.4245650320834615,6.432578471996654,0.26086817387422656,1.1214596796689986
XGBoost,1,4.016448573660343,6.412344774239842,0.24096822980259092,-0.7686757353224235
XGBoost,2,5.852337752709214,9.857768309103486,0.07773520560042102,-3.951117396515822
XGBoost,3,5.740350719341087,9.549848843470214,0.19660949178781117,-2.134648452805093
XGBoost,4,5.986608394385939,9.508799506423555,0.2664422978534271,-2.114160586859312
XGBoost,5,4.3208030807412365,6.432811980469429,0.2608145105797013,0.8061343068646147
Lasso,1,3.985658777152022,6.6616543542561395,0.1807991121685627,-2.4572820655415293
Lasso,2,5.894935400724297,10.006198979000608,0.04975260611897514,-4.148991549300385
Lasso,3,5.6304522675759054,9.47851592305,0.2085665728649726,-2.0742394429350868
Lasso,4,6.04263686624888,9.856739821011868,0.21177630389745716,-2.9758179424356834
Lasso,5,4.219805931977748,6.3361934234955015,0.2828523662592094,0.42326493619174616
Decision Tree (tuned),1,3.987510787363283,6.423493471081005,0.23832658412424157,-1.1058862636051756
Decision Tree (tuned),2,5.945540101000852,9.968121092477244,0.05697104456766411,-4.046083990479344
Decision Tree (tuned),3,5.8366868849111455,9.77125252884829,0.15892606178482982,-2.385429836751522
Decision Tree (tuned),4,6.2030940802566334,9.855023304504032,0.21205081275145787,-2.6301379809960226
Decision Tree (tuned),5,4.84979685119218,6.867790601674264,0.15746915916235715,1.4629258534140746
Random Forest (tuned),1,3.790749076983335,6.228347942311147,0.2839028320068868,-1.110310136263865
Random Forest (tuned),2,5.763875012814782,9.807641313691567,0.08709083669301099,-4.0466410336995615
Random Forest (tuned),3,5.633840297685718,9.482070482595974,0.20797286710808482,-2.2960361460565526
Random Forest (tuned),4,5.959607581417503,9.523831194521334,0.2641212212319144,-2.4181455437446173
Random Forest (tuned),5,4.438752934366788,6.405066171552109,0.2671772239197072,1.1745513049286422
XGBoost (tuned),1,3.8125805409957345,6.217475068024729,0.2864008422294205,-1.0457615810339587
XGBoost (tuned),2,5.764434901130977,9.794891083348856,0.0894629128517298,-4.020134114663908
XGBoost (tuned),3,5.587287429875644,9.412211659371135,0.2196003407359347,-2.245433065235512
XGBoost (tuned),4,5.855309254962964,9.354623260210642,0.2900373459234281,-2.196897773199419
XGBoost (tuned),5,4.214675672740661,6.25520912892854,0.3010672594624183,0.7706239153367527
