feature,source,coefficient,% change vs promise ratio
purchase_month_sin,purchase_month_sin,0.03892220692656026,3.9689599854703106
purchase_month_cos,purchase_month_cos,0.09147037968021302,9.578431872989768
peak_season_flag,peak_season_flag,0.031028318684280687,3.1514714612450145
platform_load_ratio,platform_load_ratio,-0.011546650675348618,-1.1480243941969892
customer_is_capital,customer_is_capital,-0.020182383466913124,-1.9980082424005619
remote_flag,remote_flag,0.01817011762022355,1.8336198585993113
same_state,same_state,-0.07216197805917184,-6.961981757083713
same_city,same_city,0.010051817096016007,1.0102506306678416
multi_seller_flag,multi_seller_flag,-0.040008516503188776,-3.9218743379155763
payment_installments,payment_installments,0.00581235097974739,0.5829275466166406
longest_side_cm,longest_side_cm,0.013491872927651336,1.3583298951930667
geolocation_missing,geolocation_missing,0.002348613171219671,0.23513733235540624
payment_missing,payment_missing,0.004929672702126746,0.49418435297821084
seller_is_new,seller_is_new,-0.00845011788807864,-0.841451599256382
seller_past_late_rate,seller_past_late_rate,-0.03530156028224855,-3.468572808330972
seller_past_delivery_days,seller_past_delivery_days,0.11638577542324624,12.34291799155034
promised_delivery_days,promised_delivery_days,-0.2319451950111902,-20.701041809903874
estimated_mean_distance_km,estimated_mean_distance_km,0.15955370226510845,17.298725260175797
freight_value,freight_value,0.03460488360988342,3.521059930700421
order_value,order_value,-0.00011894761977569145,-0.011894054578809321
item_count,item_count,-0.024286742247446456,-2.3994192468841935
total_weight_g,total_weight_g,0.008897655332310572,0.8937357131130197
customer_zip_density,customer_zip_density,-0.013624702195097906,-1.353230603951694
seller_past_orders,seller_past_orders,-0.014720200493591337,-1.4612387997776977
seller_backlog_7d,seller_backlog_7d,0.03784860400923654,3.85739850380058
seller_past_avg_freight,seller_past_avg_freight,-0.009414625948813279,-0.9370447109056212
product_category_bed_bath_table,product_category,0.01687649677986917,1.7019709359555213
product_category_cool_stuff,product_category,-0.0005203164690160613,-0.05201811278765511
product_category_office_furniture,product_category,0.01242923091361773,1.2506794824298506
region_pair_SE_to_NE,region_pair,0.10031809909403398,10.552252786385296
region_pair_SE_to_SE,region_pair,0.04183762045631071,4.272514776950342
region_pair_S_to_S,region_pair,-0.06949112946304169,-6.713159160845206
region_pair_S_to_SE,region_pair,-0.03750888771670331,-3.6814142840251196
customer_state_BA,customer_state,0.01045934379471387,1.0514233935722483
customer_state_DF,customer_state,-0.021051553024378764,-2.08315158284732
customer_state_MG,customer_state,-0.15055870338107194,-13.977276972173225
customer_state_PR,customer_state,-0.07388166852505218,-7.121840856539441
customer_state_SC,customer_state,0.0033021325898412355,0.3307590635738489
customer_state_SP,customer_state,-0.18134336780318522,-16.585111035528687
payment_type_boleto,payment_type,0.08514401741954077,8.887387221204634
payment_type_credit_card,payment_type,-0.0350540437023804,-3.4446767224059704
purchase_weekday_0,purchase_weekday,-0.02649742852449406,-2.6149451934853962
purchase_weekday_1,purchase_weekday,-0.00855235015293885,-0.8515882840826938
purchase_weekday_3,purchase_weekday,0.047968346252975004,4.913744566756861
purchase_weekday_4,purchase_weekday,0.10149699059726425,10.682658749996342
purchase_weekday_5,purchase_weekday,0.04982417811802903,5.108627616159267
purchase_weekday_6,purchase_weekday,-0.018268881020921328,-1.8103016602321054
days_to_holiday_0,days_to_holiday,0.004687616203699292,0.46986202640877384
days_to_holiday_3,days_to_holiday,-0.008438116876548492,-0.8402615892330711
days_to_holiday_4,days_to_holiday,-0.11464883946026255,-10.832078851169735
estimated_mean_distance_km_0,estimated_mean_distance_km,-0.037444794881313366,-3.675240754928455
estimated_mean_distance_km_1,estimated_mean_distance_km,0.004497422592463549,0.4507551175932045
purchase_hour_1,purchase_hour,-0.015473181870042917,-1.5354087240298409
