Model,CV MAE Mean,CV MAE SD,CV RMSE Mean,CV R2 Mean,CV Bias Mean,Folds Beating Baseline,Family Baseline,Folds Beating Family Baseline
XGBoost (tuned),5.046857559941197,0.958715583602805,8.20688203997678,0.23731374024058632,-1.7475205237592089,5.0,Decision Tree (tuned),5.0
Random Forest (tuned),5.117364980653625,0.9505943717704292,8.289391420934425,0.22205299619192082,-1.739316310967191,5.0,Decision Tree (tuned),5.0
Lasso,5.15469784873577,0.9751159990163872,8.467860500162823,0.1867493922618354,-2.2466132128041876,5.0,Linear Regression,2.0
Random Forest,5.16876630285491,0.9551169912818845,8.311663081251439,0.2171576782738202,-1.5906553411114654,5.0,,
XGBoost,5.183309704167565,0.9365714843740481,8.352314682741305,0.20851394712479027,-1.632493572927607,5.0,,
Linear Regression,5.2100688911472774,0.8643740846010507,8.523204148696028,0.1706261041974641,-2.3648168415322095,4.0,,
Decision Tree (tuned),5.364525740944819,0.9253143661064911,8.577136199716966,0.16474873247811012,-1.7409224436835982,5.0,,
Promise Baseline,5.7545708933887365,1.0646104919478265,9.166874829511125,0.04902775101316694,-2.4481216260648737,,,
Decision Tree,7.715524359640614,0.9097176484740559,13.38086661340788,-1.1852307190017342,0.20173390652022283,0.0,,
